-- phpMyAdmin SQL Dump
-- version 4.1.7
-- http://www.phpmyadmin.net
--
-- Host: localhost
-- Generation Time: Nov 19, 2021 alle 14:00
-- Versione del server: 5.6.33-log
-- PHP Version: 5.6.40

SET SQL_MODE = "NO_AUTO_VALUE_ON_ZERO";
SET time_zone = "+00:00";


/*!40101 SET @OLD_CHARACTER_SET_CLIENT=@@CHARACTER_SET_CLIENT */;
/*!40101 SET @OLD_CHARACTER_SET_RESULTS=@@CHARACTER_SET_RESULTS */;
/*!40101 SET @OLD_COLLATION_CONNECTION=@@COLLATION_CONNECTION */;
/*!40101 SET NAMES utf8 */;

--
-- Database: `my_fantashitcup`
--

-- --------------------------------------------------------

--
-- Struttura della tabella `avatar`
--

CREATE TABLE IF NOT EXISTS `avatar` (
  `id_avatar` int(11) NOT NULL AUTO_INCREMENT,
  `nome` varchar(30) NOT NULL,
  PRIMARY KEY (`id_avatar`)
) ENGINE=MyISAM  DEFAULT CHARSET=latin1 AUTO_INCREMENT=55 ;

--
-- Dump dei dati per la tabella `avatar`
--

INSERT INTO `avatar` (`id_avatar`, `nome`) VALUES
(1, 'MERDINA'),
(2, 'PAOLUCC'),
(3, 'BASE'),
(4, 'BATMAN'),
(5, 'BRONZO'),
(6, 'ACAB'),
(7, 'BADBOYS'),
(8, 'GUY'),
(9, 'LENTE'),
(10, 'MONKEY'),
(11, 'NOALCOOL'),
(12, 'OMER'),
(13, 'PAPERO'),
(14, 'DIVIETO'),
(15, 'SMILE'),
(16, 'BOY'),
(17, 'SMITHWICKS'),
(18, 'SOSTA'),
(19, 'MOCCIOSO'),
(20, 'IRLANDESE'),
(21, 'ZIZZA'),
(22, 'BURGER'),
(23, 'BUSSOLA'),
(24, 'COMUNISTA'),
(25, 'DEA'),
(26, 'DISTANZIAMENTO'),
(27, 'GIRL'),
(28, 'GUERRIERO'),
(29, 'INCROCIO'),
(30, 'INTER'),
(31, 'ISTAGRAMM'),
(32, 'JOESTICK'),
(33, 'NAPOLI'),
(34, 'NINJA'),
(35, 'NONNINA'),
(36, 'OSTELLO'),
(37, 'PACMAN'),
(38, 'PALLONE'),
(39, 'SCUDETTO'),
(40, 'SHARP'),
(41, 'TERRA'),
(42, 'TRIPADVISOR'),
(43, 'TROIANO'),
(44, 'ULTRAS'),
(45, 'ERBA'),
(46, 'BRASILE'),
(47, 'COLMA'),
(48, 'SOLDI'),
(49, 'NAVE'),
(50, 'SQUID'),
(51, 'PIZZA'),
(52, 'PIERINO'),
(53, 'BULLDOG'),
(54, 'GALLO');

-- --------------------------------------------------------

--
-- Struttura della tabella `briscola_partite`
--

CREATE TABLE IF NOT EXISTS `briscola_partite` (
  `id_partita` int(11) NOT NULL AUTO_INCREMENT,
  `data` timestamp NOT NULL DEFAULT CURRENT_TIMESTAMP,
  `isLive` tinyint(4) NOT NULL DEFAULT '1',
  PRIMARY KEY (`id_partita`)
) ENGINE=MyISAM  DEFAULT CHARSET=latin1 AUTO_INCREMENT=4 ;

--
-- Dump dei dati per la tabella `briscola_partite`
--

INSERT INTO `briscola_partite` (`id_partita`, `data`, `isLive`) VALUES
(1, '2021-10-30 19:38:34', 0),
(2, '2021-10-30 20:56:06', 0),
(3, '2021-10-30 21:05:30', 0);

-- --------------------------------------------------------

--
-- Struttura della tabella `briscola_punteggio`
--

CREATE TABLE IF NOT EXISTS `briscola_punteggio` (
  `id_punteggio` int(11) NOT NULL AUTO_INCREMENT,
  `record_id` int(11) NOT NULL,
  `utente_id` int(11) NOT NULL,
  `ruolo_id` int(11) NOT NULL DEFAULT '4',
  `risultato_id` int(11) NOT NULL DEFAULT '1',
  PRIMARY KEY (`id_punteggio`)
) ENGINE=MyISAM  DEFAULT CHARSET=latin1 AUTO_INCREMENT=51 ;

--
-- Dump dei dati per la tabella `briscola_punteggio`
--

INSERT INTO `briscola_punteggio` (`id_punteggio`, `record_id`, `utente_id`, `ruolo_id`, `risultato_id`) VALUES
(1, 1, 1, 4, 1),
(2, 1, 2, 4, 1),
(3, 1, 3, 4, 1),
(4, 1, 4, 4, 1),
(5, 1, 5, 4, 1),
(6, 2, 1, 4, 1),
(7, 2, 2, 4, 1),
(8, 2, 3, 4, 1),
(9, 2, 4, 4, 1),
(10, 2, 5, 4, 1),
(11, 3, 5, 1, 2),
(12, 3, 1, 2, 2),
(13, 3, 2, 4, 3),
(14, 3, 3, 4, 3),
(15, 3, 4, 4, 3),
(16, 4, 1, 4, 1),
(17, 4, 2, 4, 1),
(18, 4, 3, 4, 1),
(19, 4, 4, 4, 1),
(20, 4, 5, 4, 1),
(50, 10, 1, 1, 2),
(49, 10, 4, 2, 2),
(48, 10, 3, 4, 3),
(47, 10, 5, 4, 3),
(46, 10, 2, 4, 3),
(31, 7, 2, 1, 2),
(32, 7, 3, 4, 3),
(33, 7, 4, 4, 3),
(34, 7, 5, 2, 2),
(35, 7, 1, 4, 3),
(36, 8, 2, 1, 2),
(37, 8, 3, 4, 3),
(38, 8, 5, 2, 2),
(39, 8, 4, 4, 3),
(40, 8, 1, 4, 3),
(41, 9, 2, 1, 2),
(42, 9, 5, 2, 2),
(43, 9, 3, 4, 3),
(44, 9, 1, 4, 3),
(45, 9, 4, 4, 3);

-- --------------------------------------------------------

--
-- Struttura della tabella `briscola_record`
--

CREATE TABLE IF NOT EXISTS `briscola_record` (
  `id_record` int(11) NOT NULL AUTO_INCREMENT,
  `partita_id` int(11) NOT NULL,
  PRIMARY KEY (`id_record`)
) ENGINE=MyISAM  DEFAULT CHARSET=latin1 AUTO_INCREMENT=11 ;

--
-- Dump dei dati per la tabella `briscola_record`
--

INSERT INTO `briscola_record` (`id_record`, `partita_id`) VALUES
(1, 1),
(2, 2),
(3, 2),
(4, 3),
(10, 3),
(7, 3),
(8, 3),
(9, 3);

-- --------------------------------------------------------

--
-- Struttura della tabella `briscola_risultato`
--

CREATE TABLE IF NOT EXISTS `briscola_risultato` (
  `id_risultato` int(11) NOT NULL,
  `descrizione` varchar(10) NOT NULL,
  PRIMARY KEY (`id_risultato`)
) ENGINE=MyISAM DEFAULT CHARSET=latin1;

--
-- Dump dei dati per la tabella `briscola_risultato`
--

INSERT INTO `briscola_risultato` (`id_risultato`, `descrizione`) VALUES
(1, 'START'),
(2, 'WIN'),
(3, 'LOSE');

-- --------------------------------------------------------

--
-- Struttura della tabella `briscola_ruolo`
--

CREATE TABLE IF NOT EXISTS `briscola_ruolo` (
  `id_ruolo` int(11) NOT NULL,
  `descrizione` varchar(20) NOT NULL,
  `pt_start` int(11) NOT NULL DEFAULT '0',
  `pt_win` int(11) NOT NULL,
  `pt_lose` int(11) NOT NULL,
  PRIMARY KEY (`id_ruolo`)
) ENGINE=MyISAM DEFAULT CHARSET=latin1;

--
-- Dump dei dati per la tabella `briscola_ruolo`
--

INSERT INTO `briscola_ruolo` (`id_ruolo`, `descrizione`, `pt_start`, `pt_win`, `pt_lose`) VALUES
(1, 'chiamante', 0, 2, -2),
(2, 'chiamato', 0, 1, -1),
(3, 'assolo', 0, 4, -4),
(4, 'rivali', 0, 1, -1);

-- --------------------------------------------------------

--
-- Struttura della tabella `briscola_utenti`
--

CREATE TABLE IF NOT EXISTS `briscola_utenti` (
  `id_utente` int(11) NOT NULL AUTO_INCREMENT,
  `username` varchar(20) NOT NULL,
  `password` varchar(20) NOT NULL,
  PRIMARY KEY (`id_utente`)
) ENGINE=MyISAM  DEFAULT CHARSET=latin1 AUTO_INCREMENT=7 ;

--
-- Dump dei dati per la tabella `briscola_utenti`
--

INSERT INTO `briscola_utenti` (`id_utente`, `username`, `password`) VALUES
(1, 'ESPERTO', 'esperto'),
(2, 'BUTCH', 'butch'),
(3, 'MARCELLO', 'marcello'),
(4, 'CIRILLO', 'cirillo'),
(5, 'DAMICO', 'damico'),
(6, 'ROBERTO', 'roberto');

-- --------------------------------------------------------

--
-- Struttura della tabella `calendario`
--

CREATE TABLE IF NOT EXISTS `calendario` (
  `id_partita` int(11) NOT NULL AUTO_INCREMENT,
  `fase` int(11) NOT NULL DEFAULT '1',
  `girone` char(1) DEFAULT NULL,
  `giornata` int(11) NOT NULL,
  `utente_casa` int(11) NOT NULL,
  `utente_trasferta` int(11) NOT NULL,
  `calcolato` tinyint(1) NOT NULL DEFAULT '0',
  `gol_casa` int(11) DEFAULT '0',
  `gol_trasferta` int(11) DEFAULT '0',
  `pt_casa` int(11) DEFAULT '0',
  `pt_trasferta` int(11) DEFAULT '0',
  PRIMARY KEY (`id_partita`),
  KEY `giornata` (`giornata`),
  KEY `utente_casa` (`utente_casa`),
  KEY `utente_trasferta` (`utente_trasferta`)
) ENGINE=InnoDB  DEFAULT CHARSET=latin1 AUTO_INCREMENT=81 ;

--
-- Dump dei dati per la tabella `calendario`
--

INSERT INTO `calendario` (`id_partita`, `fase`, `girone`, `giornata`, `utente_casa`, `utente_trasferta`, `calcolato`, `gol_casa`, `gol_trasferta`, `pt_casa`, `pt_trasferta`) VALUES
(1, 2, NULL, 7, 102, 102, 0, 0, 0, 0, 0),
(2, 2, NULL, 7, 102, 102, 0, 0, 0, 0, 0),
(3, 2, NULL, 7, 102, 102, 0, 0, 0, 0, 0),
(4, 2, NULL, 8, 102, 102, 0, 0, 0, 0, 0),
(5, 2, NULL, 8, 102, 102, 0, 0, 0, 0, 0),
(6, 2, NULL, 8, 102, 102, 0, 0, 0, 0, 0),
(7, 3, NULL, 9, 102, 102, 0, 0, 0, 0, 0),
(8, 3, NULL, 9, 102, 102, 0, 0, 0, 0, 0),
(9, 3, NULL, 9, 102, 102, 0, 0, 0, 0, 0),
(10, 3, NULL, 9, 102, 102, 0, 0, 0, 0, 0),
(11, 3, NULL, 10, 102, 102, 0, 0, 0, 0, 0),
(12, 3, NULL, 10, 102, 102, 0, 0, 0, 0, 0),
(13, 3, NULL, 10, 102, 102, 0, 0, 0, 0, 0),
(14, 3, NULL, 10, 102, 102, 0, 0, 0, 0, 0),
(15, 4, NULL, 11, 102, 102, 0, 0, 0, 0, 0),
(16, 4, NULL, 11, 102, 102, 0, 0, 0, 0, 0),
(17, 4, NULL, 12, 102, 102, 0, 0, 0, 0, 0),
(18, 4, NULL, 12, 102, 102, 0, 0, 0, 0, 0),
(19, 5, NULL, 13, 102, 102, 0, 0, 0, 0, 0),
(20, 5, NULL, 14, 102, 102, 0, 0, 0, 0, 0),
(21, 1, 'A', 1, 15, 10, 0, 0, 0, 0, 0),
(22, 1, 'A', 1, 17, 5, 0, 0, 0, 0, 0),
(23, 1, 'A', 2, 10, 17, 0, 0, 0, 0, 0),
(24, 1, 'A', 2, 5, 15, 0, 0, 0, 0, 0),
(25, 1, 'A', 3, 15, 17, 0, 0, 0, 0, 0),
(26, 1, 'A', 3, 5, 10, 0, 0, 0, 0, 0),
(27, 1, 'A', 4, 10, 5, 0, 0, 0, 0, 0),
(28, 1, 'A', 4, 17, 15, 0, 0, 0, 0, 0),
(29, 1, 'A', 5, 15, 5, 0, 0, 0, 0, 0),
(30, 1, 'A', 5, 17, 10, 0, 0, 0, 0, 0),
(31, 1, 'A', 6, 10, 15, 0, 0, 0, 0, 0),
(32, 1, 'A', 6, 5, 17, 0, 0, 0, 0, 0),
(33, 1, 'B', 1, 6, 18, 0, 0, 0, 0, 0),
(34, 1, 'B', 1, 20, 13, 0, 0, 0, 0, 0),
(35, 1, 'B', 2, 18, 20, 0, 0, 0, 0, 0),
(36, 1, 'B', 2, 13, 6, 0, 0, 0, 0, 0),
(37, 1, 'B', 3, 6, 20, 0, 0, 0, 0, 0),
(38, 1, 'B', 3, 13, 18, 0, 0, 0, 0, 0),
(39, 1, 'B', 4, 18, 13, 0, 0, 0, 0, 0),
(40, 1, 'B', 4, 20, 6, 0, 0, 0, 0, 0),
(41, 1, 'B', 5, 6, 13, 0, 0, 0, 0, 0),
(42, 1, 'B', 5, 20, 18, 0, 0, 0, 0, 0),
(43, 1, 'B', 6, 18, 6, 0, 0, 0, 0, 0),
(44, 1, 'B', 6, 13, 20, 0, 0, 0, 0, 0),
(45, 1, 'C', 1, 7, 19, 0, 0, 0, 0, 0),
(46, 1, 'C', 1, 2, 9, 0, 0, 0, 0, 0),
(47, 1, 'C', 2, 19, 2, 0, 0, 0, 0, 0),
(48, 1, 'C', 2, 9, 7, 0, 0, 0, 0, 0),
(49, 1, 'C', 3, 7, 2, 0, 0, 0, 0, 0),
(50, 1, 'C', 3, 9, 19, 0, 0, 0, 0, 0),
(51, 1, 'C', 4, 19, 9, 0, 0, 0, 0, 0),
(52, 1, 'C', 4, 2, 7, 0, 0, 0, 0, 0),
(53, 1, 'C', 5, 7, 9, 0, 0, 0, 0, 0),
(54, 1, 'C', 5, 2, 19, 0, 0, 0, 0, 0),
(55, 1, 'C', 6, 19, 7, 0, 0, 0, 0, 0),
(56, 1, 'C', 6, 9, 2, 0, 0, 0, 0, 0),
(57, 1, 'D', 1, 3, 11, 0, 0, 0, 0, 0),
(58, 1, 'D', 1, 16, 4, 0, 0, 0, 0, 0),
(59, 1, 'D', 2, 11, 16, 0, 0, 0, 0, 0),
(60, 1, 'D', 2, 4, 3, 0, 0, 0, 0, 0),
(61, 1, 'D', 3, 3, 16, 0, 0, 0, 0, 0),
(62, 1, 'D', 3, 4, 11, 0, 0, 0, 0, 0),
(63, 1, 'D', 4, 11, 4, 0, 0, 0, 0, 0),
(64, 1, 'D', 4, 16, 3, 0, 0, 0, 0, 0),
(65, 1, 'D', 5, 3, 4, 0, 0, 0, 0, 0),
(66, 1, 'D', 5, 16, 11, 0, 0, 0, 0, 0),
(67, 1, 'D', 6, 11, 3, 0, 0, 0, 0, 0),
(68, 1, 'D', 6, 4, 16, 0, 0, 0, 0, 0),
(69, 1, 'E', 1, 8, 14, 0, 0, 0, 0, 0),
(70, 1, 'E', 1, 12, 1, 0, 0, 0, 0, 0),
(71, 1, 'E', 2, 14, 12, 0, 0, 0, 0, 0),
(72, 1, 'E', 2, 1, 8, 0, 0, 0, 0, 0),
(73, 1, 'E', 3, 8, 12, 0, 0, 0, 0, 0),
(74, 1, 'E', 3, 1, 14, 0, 0, 0, 0, 0),
(75, 1, 'E', 4, 14, 1, 0, 0, 0, 0, 0),
(76, 1, 'E', 4, 12, 8, 0, 0, 0, 0, 0),
(77, 1, 'E', 5, 8, 1, 0, 0, 0, 0, 0),
(78, 1, 'E', 5, 12, 14, 0, 0, 0, 0, 0),
(79, 1, 'E', 6, 14, 8, 0, 0, 0, 0, 0),
(80, 1, 'E', 6, 1, 12, 0, 0, 0, 0, 0);

-- --------------------------------------------------------

--
-- Struttura della tabella `comunicazioni`
--

CREATE TABLE IF NOT EXISTS `comunicazioni` (
  `id_comunicazione` int(11) NOT NULL AUTO_INCREMENT,
  `data` timestamp NOT NULL DEFAULT CURRENT_TIMESTAMP,
  `titolo` varchar(40) NOT NULL,
  `messaggio` text NOT NULL,
  PRIMARY KEY (`id_comunicazione`)
) ENGINE=MyISAM  DEFAULT CHARSET=latin1 COMMENT='comunicazioni da parte del pèresidente' AUTO_INCREMENT=5 ;

--
-- Dump dei dati per la tabella `comunicazioni`
--

INSERT INTO `comunicazioni` (`id_comunicazione`, `data`, `titolo`, `messaggio`) VALUES
(1, '2021-11-08 19:00:00', 'welcome', 'Ben venuto nella competizione internazionale più chiacchierata del web.'),
(3, '2021-11-08 20:00:00', 'Accesso al turno successivo', 'Le prime di ogni girone accederanno direttamente ai quarti. \nLe seconde più la squadra ripescata andranno agli spareggi.\nViene ripescata la squadra che nel girone ha totalizzato più gol indipendentemente dalla sua posizione in classifica.\nSpareggi e eliminatorie vengono disputate con incontri di andata e ritorno, in caso di pareggio passerà il turno la squadra con il piazzamento migliore (riconoscibile dal fatto che negli accoppiamenti giocherà la prima gara in trasferta).'),
(2, '2021-11-08 19:30:00', 'Premiazioni', 'Al termine della competizione saranno premiati i primi 3 classificati. Il terzo avrà diritto ad una iscrizione gratuita alla prossima competizione shitcup. Del ricavato (totale delle iscrizioni tolte premio terzo e acquisto coppa) verrà diviso, il 30% per il secondo e il 70% per il primo classificato.');

-- --------------------------------------------------------

--
-- Struttura della tabella `data_partite`
--

CREATE TABLE IF NOT EXISTS `data_partite` (
  `giornata` int(11) NOT NULL,
  `data_inizio` datetime NOT NULL DEFAULT CURRENT_TIMESTAMP,
  `data_fine` datetime NOT NULL DEFAULT CURRENT_TIMESTAMP,
  `serie_a` int(11) NOT NULL,
  PRIMARY KEY (`giornata`)
) ENGINE=InnoDB DEFAULT CHARSET=latin1;

--
-- Dump dei dati per la tabella `data_partite`
--

INSERT INTO `data_partite` (`giornata`, `data_inizio`, `data_fine`, `serie_a`) VALUES
(1, '2020-12-04 14:30:29', '2021-12-05 23:00:00', 12),
(2, '2021-12-10 20:30:00', '2021-12-13 23:30:00', 17),
(3, '2021-12-17 18:00:00', '2021-12-19 23:00:00', 18),
(4, '2022-01-08 15:00:00', '2022-01-09 23:00:00', 21),
(5, '2022-01-15 15:00:00', '2022-01-16 23:00:00', 22),
(6, '2022-01-22 15:00:00', '2022-01-23 23:00:00', 23),
(7, '2022-02-12 15:00:00', '2022-02-13 23:00:00', 25),
(8, '2022-02-19 15:00:00', '2022-02-20 23:00:00', 26),
(9, '2022-03-05 15:00:00', '2022-03-06 23:00:00', 28),
(10, '2022-03-12 15:00:00', '2022-03-13 23:00:00', 29),
(11, '2022-04-02 15:00:00', '2022-04-03 23:00:00', 31),
(12, '2022-04-09 15:00:00', '2022-04-10 23:00:00', 32),
(13, '2022-04-30 15:00:00', '2022-05-01 23:00:00', 35),
(14, '2022-05-07 15:00:00', '2022-05-08 23:00:00', 36);

-- --------------------------------------------------------

--
-- Struttura della tabella `formazioni`
--

CREATE TABLE IF NOT EXISTS `formazioni` (
  `id_partita` int(11) NOT NULL,
  `schieramento` int(11) NOT NULL,
  `id_utente` int(11) NOT NULL,
  `id_calciatore` int(11) NOT NULL,
  `data_inserimento` timestamp NOT NULL DEFAULT CURRENT_TIMESTAMP,
  `is_inserita` tinyint(1) NOT NULL DEFAULT '1',
  `voto` varchar(10) DEFAULT NULL,
  PRIMARY KEY (`id_partita`,`schieramento`,`id_utente`),
  KEY `id_utente` (`id_utente`),
  KEY `id_calciatore` (`id_calciatore`)
) ENGINE=InnoDB DEFAULT CHARSET=latin1;

--
-- Dump dei dati per la tabella `formazioni`
--

INSERT INTO `formazioni` (`id_partita`, `schieramento`, `id_utente`, `id_calciatore`, `data_inserimento`, `is_inserita`, `voto`) VALUES
(21, 1, 15, 82, '2021-11-04 09:43:59', 1, NULL),
(21, 2, 15, 376, '2021-11-04 09:43:59', 1, NULL),
(21, 3, 15, 275, '2021-11-04 09:43:59', 1, NULL),
(21, 4, 15, 446, '2021-11-04 09:43:59', 1, NULL),
(21, 5, 15, 487, '2021-11-04 09:43:59', 1, NULL),
(33, 1, 18, 23, '2021-11-03 21:29:37', 1, NULL),
(33, 2, 18, 103, '2021-11-03 21:29:37', 1, NULL),
(33, 3, 18, 275, '2021-11-03 21:29:37', 1, NULL),
(33, 4, 18, 492, '2021-11-03 21:29:37', 1, NULL),
(33, 5, 18, 500, '2021-11-03 21:29:37', 1, NULL),
(45, 1, 19, 36, '2021-11-03 21:30:02', 1, NULL),
(45, 2, 19, 188, '2021-11-03 21:30:02', 1, NULL),
(45, 3, 19, 376, '2021-11-03 21:30:02', 1, NULL),
(45, 4, 19, 404, '2021-11-03 21:30:02', 1, NULL),
(45, 5, 19, 496, '2021-11-03 21:30:02', 1, NULL),
(46, 1, 2, 170, '2021-11-07 20:05:13', 1, NULL),
(46, 1, 9, 166, '2021-11-03 21:13:36', 1, NULL),
(46, 2, 2, 324, '2021-11-07 20:05:13', 1, NULL),
(46, 2, 9, 299, '2021-11-03 21:13:36', 1, NULL),
(46, 3, 2, 313, '2021-11-07 20:05:13', 1, NULL),
(46, 3, 9, 342, '2021-11-03 21:13:36', 1, NULL),
(46, 4, 2, 454, '2021-11-07 20:05:13', 1, NULL),
(46, 4, 9, 499, '2021-11-03 21:13:36', 1, NULL),
(46, 5, 2, 516, '2021-11-07 20:05:13', 1, NULL),
(46, 5, 9, 488, '2021-11-03 21:13:36', 1, NULL),
(57, 1, 3, 79, '2021-11-05 15:25:36', 1, NULL),
(57, 2, 3, 335, '2021-11-05 15:25:36', 1, NULL),
(57, 3, 3, 313, '2021-11-05 15:25:36', 1, NULL),
(57, 4, 3, 496, '2021-11-05 15:25:36', 1, NULL),
(57, 5, 3, 458, '2021-11-05 15:25:36', 1, NULL),
(58, 1, 4, 159, '2021-11-04 09:49:22', 1, NULL),
(58, 1, 16, 44, '2021-11-03 22:32:39', 1, NULL),
(58, 2, 4, 293, '2021-11-04 09:49:22', 1, NULL),
(58, 2, 16, 166, '2021-11-03 22:32:39', 1, NULL),
(58, 3, 4, 294, '2021-11-04 09:49:22', 1, NULL),
(58, 3, 16, 365, '2021-11-03 22:32:39', 1, NULL),
(58, 4, 4, 496, '2021-11-04 09:49:22', 1, NULL),
(58, 4, 16, 458, '2021-11-03 22:32:39', 1, NULL),
(58, 5, 4, 500, '2021-11-04 09:49:22', 1, NULL),
(58, 5, 16, 488, '2021-11-03 22:32:39', 1, NULL),
(69, 1, 14, 12, '2021-11-06 14:31:11', 1, NULL),
(69, 2, 14, 151, '2021-11-06 14:31:11', 1, NULL),
(69, 3, 14, 206, '2021-11-06 14:31:11', 1, NULL),
(69, 4, 14, 300, '2021-11-06 14:31:11', 1, NULL),
(69, 5, 14, 463, '2021-11-06 14:31:11', 1, NULL),
(70, 1, 1, 106, '2021-11-10 11:55:08', 1, NULL),
(70, 1, 12, 170, '2021-11-03 21:26:06', 1, NULL),
(70, 2, 1, 112, '2021-11-10 11:55:08', 1, NULL),
(70, 2, 12, 327, '2021-11-03 21:26:06', 1, NULL),
(70, 3, 1, 335, '2021-11-10 11:55:08', 1, NULL),
(70, 3, 12, 365, '2021-11-03 21:26:06', 1, NULL),
(70, 4, 1, 450, '2021-11-10 11:55:08', 1, NULL),
(70, 4, 12, 451, '2021-11-03 21:26:06', 1, NULL),
(70, 5, 1, 471, '2021-11-10 11:55:08', 1, NULL),
(70, 5, 12, 488, '2021-11-03 21:26:06', 1, NULL);

-- --------------------------------------------------------

--
-- Struttura della tabella `lista_calciatori`
--

CREATE TABLE IF NOT EXISTS `lista_calciatori` (
  `id_calciatore` int(11) NOT NULL AUTO_INCREMENT,
  `nome_calciatore` varchar(20) NOT NULL,
  `ruolo` char(1) NOT NULL,
  PRIMARY KEY (`id_calciatore`),
  UNIQUE KEY `nome` (`nome_calciatore`)
) ENGINE=MyISAM  DEFAULT CHARSET=latin1 AUTO_INCREMENT=542 ;

--
-- Dump dei dati per la tabella `lista_calciatori`
--

INSERT INTO `lista_calciatori` (`id_calciatore`, `nome_calciatore`, `ruolo`) VALUES
(1, 'INIBITO', 'I'),
(2, 'RADUNOVIC', 'P'),
(3, 'SPORTIELLO', 'P'),
(4, 'SKORUPSKI', 'P'),
(5, 'LEZZERINI', 'P'),
(6, 'TATARUSANU', 'P'),
(7, 'PERIN', 'P'),
(8, 'UJKANI', 'P'),
(9, 'HANDANOVIC', 'P'),
(10, 'BERISHA', 'P'),
(11, 'MARCHETTI', 'P'),
(12, 'REINA', 'P'),
(13, 'SZCZESNY', 'P'),
(14, 'CONSIGLI', 'P'),
(15, 'PEGOLO', 'P'),
(16, 'PADELLI', 'P'),
(17, 'MERET', 'P'),
(18, 'BELEC', 'P'),
(19, 'AUDERO', 'P'),
(20, 'BARDI', 'P'),
(21, 'RADU I', 'P'),
(22, 'CORDAZ', 'P'),
(23, 'DRAGOWSKI', 'P'),
(24, 'PINSOGLIO', 'P'),
(25, 'STRAKOSHA', 'P'),
(26, 'ARESTI', 'P'),
(27, 'FIORILLO', 'P'),
(28, 'PLIZZARI', 'P'),
(29, 'SATALINO', 'P'),
(30, 'FALCONE', 'P'),
(31, 'MILINKOVIC-SAVIC V', 'P'),
(32, 'CRAGNO', 'P'),
(33, 'SIRIGU', 'P'),
(34, 'SILVESTRI', 'P'),
(35, 'ROSSI F', 'P'),
(36, 'OSPINA', 'P'),
(37, 'FUZATO', 'P'),
(38, 'ROSATI', 'P'),
(39, 'MUSSO', 'P'),
(40, 'PROVEDEL', 'P'),
(41, 'TERRACCIANO', 'P'),
(42, 'SEMPER', 'P'),
(43, 'RUI PATRICIO', 'P'),
(44, 'MAIGNAN', 'P'),
(45, 'ANDRENACCI', 'P'),
(46, 'BERARDI A', 'P'),
(47, 'GEMELLO', 'P'),
(48, 'MONTIPO', 'P'),
(49, 'VICARIO', 'P'),
(50, 'RAVAGLIA', 'P'),
(51, 'PANDUR', 'P'),
(52, 'ZOET', 'P'),
(53, 'BOER', 'P'),
(54, 'FURLAN', 'P'),
(55, 'MAENPAA', 'P'),
(56, 'ADAMONIS', 'P'),
(57, 'MARFELLA', 'P'),
(58, 'BERTINATO', 'P'),
(59, 'ZOVKO', 'P'),
(60, 'MOLLA', 'P'),
(61, 'RUSSO', 'P'),
(62, 'PIANA', 'P'),
(63, 'NERI', 'P'),
(64, 'CONTI', 'D'),
(65, 'MASIELLO', 'D'),
(66, 'FERRARI A', 'D'),
(67, 'MBAYE', 'D'),
(68, 'GAGLIOLO', 'D'),
(69, 'ROMAGNOLI S', 'D'),
(70, 'RADOVANOVIC', 'D'),
(71, 'HYSAJ', 'D'),
(72, 'MARIO RUI', 'D'),
(73, 'TONELLI', 'D'),
(74, 'DE MAIO', 'D'),
(75, 'IZZO', 'D'),
(76, 'GHIGLIONE', 'D'),
(77, 'BIRAGHI', 'D'),
(78, 'DAMBROSIO', 'D'),
(79, 'DIMARCO', 'D'),
(80, 'JUAN JESUS', 'D'),
(81, 'RANOCCHIA', 'D'),
(82, 'BONUCCI', 'D'),
(83, 'CACERES', 'D'),
(84, 'CHIELLINI', 'D'),
(85, 'RUGANI', 'D'),
(86, 'DE VRIJ', 'D'),
(87, 'PATRIC', 'D'),
(88, 'RADU', 'D'),
(89, 'CALABRIA', 'D'),
(90, 'DE SCIGLIO', 'D'),
(91, 'GHOULAM', 'D'),
(92, 'KOULIBALY', 'D'),
(93, 'LUPERTO', 'D'),
(94, 'GOLDANIGA', 'D'),
(95, 'MANOLAS', 'D'),
(96, 'ROMAGNOLI', 'D'),
(97, 'FLORENZI', 'D'),
(98, 'DE SILVESTRI', 'D'),
(99, 'ACERBI', 'D'),
(100, 'PELUSO', 'D'),
(101, 'MAKSIMOVIC', 'D'),
(102, 'MOLINARO', 'D'),
(103, 'ZAPPACOSTA', 'D'),
(104, 'FARAONI', 'D'),
(105, 'SALA', 'D'),
(106, 'FARES', 'D'),
(107, 'CHIRICHES', 'D'),
(108, 'GYOMBER', 'D'),
(109, 'ALEX SANDRO', 'D'),
(110, 'TOLOI', 'D'),
(111, 'CUADRADO', 'D'),
(112, 'ANSALDI', 'D'),
(113, 'PEZZELLA GIU', 'D'),
(114, 'DJIMSITI', 'D'),
(115, 'SAMIR', 'D'),
(116, 'SABELLI', 'D'),
(117, 'SKRINIAR', 'D'),
(118, 'FIAMOZZI', 'D'),
(119, 'CALDARA', 'D'),
(120, 'SPINAZZOLA', 'D'),
(121, 'CEPPITELLI', 'D'),
(122, 'MURRU', 'D'),
(123, 'CECCHERINI', 'D'),
(124, 'FERRARI G', 'D'),
(125, 'VESELI', 'D'),
(126, 'BIRASCHI', 'D'),
(127, 'BERESZYNSKI', 'D'),
(128, 'DELLI CARRI', 'D'),
(129, 'FARAGO', 'D'),
(130, 'BASTONI', 'D'),
(131, 'HATEBOER', 'D'),
(132, 'DEPAOLI', 'D'),
(133, 'GOSENS', 'D'),
(134, 'MILENKOVIC', 'D'),
(135, 'RODRIGUEZ R', 'D'),
(136, 'VENUTI', 'D'),
(137, 'KARSDORP', 'D'),
(138, 'PALOMINO', 'D'),
(139, 'MARUSIC', 'D'),
(140, 'BONIFAZI', 'D'),
(141, 'JAROSZYNSKI', 'D'),
(142, 'KOLAROV', 'D'),
(143, 'MARCHIZZA', 'D'),
(144, 'LAZZARI', 'D'),
(145, 'ROMAGNA', 'D'),
(146, 'NUYTINCK', 'D'),
(147, 'BANI', 'D'),
(148, 'DALBERT', 'D'),
(149, 'MANCINI', 'D'),
(150, 'HRISTOV', 'D'),
(151, 'STRYGER LARSEN', 'D'),
(152, 'ROGERIO', 'D'),
(153, 'VANHEUSDEN', 'D'),
(154, 'LUIZ FELIPE', 'D'),
(155, 'NASTASIC', 'D'),
(156, 'DARMIAN', 'D'),
(157, 'GODIN', 'D'),
(158, 'ODRIOZOLA', 'D'),
(159, 'KJAER', 'D'),
(160, 'LYKOGIANNIS', 'D'),
(161, 'BUONGIORNO', 'D'),
(162, 'PELLEGRINI LU', 'D'),
(163, 'RECA', 'D'),
(164, 'DIJKS', 'D'),
(165, 'GUNTER', 'D'),
(166, 'CRISCITO', 'D'),
(167, 'MAGNANI', 'D'),
(168, 'COLLEY', 'D'),
(169, 'BREMER', 'D'),
(170, 'DI LORENZO', 'D'),
(171, 'MALCUIT', 'D'),
(172, 'AINA', 'D'),
(173, 'DJIDJI', 'D'),
(174, 'DANILO', 'D'),
(175, 'SMALLING', 'D'),
(176, 'HERNANDEZ T', 'D'),
(177, 'ZEEGELAAR', 'D'),
(178, 'NIKOLAOU', 'D'),
(179, 'IBANEZ', 'D'),
(180, 'DEMIRAL', 'D'),
(181, 'WALUKIEWICZ', 'D'),
(182, 'TERZIC', 'D'),
(183, 'RANIERI L', 'D'),
(184, 'VAVRO', 'D'),
(185, 'GABBIA', 'D'),
(186, 'CHABOT', 'D'),
(187, 'IGOR', 'D'),
(188, 'RRAHMANI', 'D'),
(189, 'RODRIGO BECAO', 'D'),
(190, 'AUGELLO', 'D'),
(191, 'TOLJAN', 'D'),
(192, 'DE LIGT', 'D'),
(193, 'ZORTEA', 'D'),
(194, 'ZAPPA', 'D'),
(195, 'DAWIDOWICZ', 'D'),
(196, 'KUMBULLA', 'D'),
(197, 'CETIN', 'D'),
(198, 'MULDUR', 'D'),
(199, 'KYRIAKOPOULOS', 'D'),
(200, 'AMPADU', 'D'),
(201, 'TOMORI', 'D'),
(202, 'BELLANOVA', 'D'),
(203, 'SUTALO', 'D'),
(204, 'SOUMAORO', 'D'),
(205, 'YOSHIDA', 'D'),
(206, 'SINGO', 'D'),
(207, 'CARBONI', 'D'),
(208, 'LOVATO', 'D'),
(209, 'CALAFIORI', 'D'),
(210, 'FRABOTTA', 'D'),
(211, 'KALULU', 'D'),
(212, 'AYHAN', 'D'),
(213, 'ERLIC', 'D'),
(214, 'FERRER', 'D'),
(215, 'VOJVODA', 'D'),
(216, 'RUEGG', 'D'),
(217, 'MOLINA N', 'D'),
(218, 'ISMAJLI', 'D'),
(219, 'BALLO-TOURE', 'D'),
(220, 'HICKEY', 'D'),
(221, 'MARTINEZ QUARTA', 'D'),
(222, 'BASTONI S', 'D'),
(223, 'RUGGERI', 'D'),
(224, 'UDOGIE', 'D'),
(225, 'DRAGUSIN', 'D'),
(226, 'MAEHLE', 'D'),
(227, 'REYNOLDS', 'D'),
(228, 'BINKS', 'D'),
(229, 'ALTARE', 'D'),
(230, 'PARISI', 'D'),
(231, 'STOJANOVIC', 'D'),
(232, 'AYA', 'D'),
(233, 'BOGDAN', 'D'),
(234, 'STRANDBERG', 'D'),
(235, 'AMIAN', 'D'),
(236, 'CECCARONI', 'D'),
(237, 'EBUEHI', 'D'),
(238, 'MAZZOCCHI', 'D'),
(239, 'MODOLO', 'D'),
(240, 'SCHNEGG', 'D'),
(241, 'SVOBODA', 'D'),
(242, 'CASALE', 'D'),
(243, 'KECHRIDA', 'D'),
(244, 'VINA', 'D'),
(245, 'DUMFRIES', 'D'),
(246, 'VASQUEZ', 'D'),
(247, 'CAMBIASO', 'D'),
(248, 'SERPE', 'D'),
(249, 'SCALVINI', 'D'),
(250, 'ZANOLI', 'D'),
(251, 'THEATE', 'D'),
(252, 'PEREZ N', 'D'),
(253, 'SOPPY', 'D'),
(254, 'ZIMA', 'D'),
(255, 'KIWIOR', 'D'),
(256, 'HAPS', 'D'),
(257, 'OBERT', 'D'),
(258, 'DE ROON', 'C'),
(259, 'GRASSI', 'C'),
(260, 'DIAWARA', 'C'),
(261, 'KRUNIC', 'C'),
(262, 'SAPONARA', 'C'),
(263, 'ZIELINSKI', 'C'),
(264, 'BADELJ', 'C'),
(265, 'CAPEZZI', 'C'),
(266, 'VECINO', 'C'),
(267, 'BERNARDESCHI', 'C'),
(268, 'LAZOVIC', 'C'),
(269, 'RINCON', 'C'),
(270, 'BESSA', 'C'),
(271, 'BROZOVIC', 'C'),
(272, 'MEDEL', 'C'),
(273, 'PEREYRA', 'C'),
(274, 'STURARO', 'C'),
(275, 'CANDREVA', 'C'),
(276, 'CATALDI', 'C'),
(277, 'FELIPE ANDERSON', 'C'),
(278, 'BONAVENTURA', 'C'),
(279, 'VERDI', 'C'),
(280, 'DEZI', 'C'),
(281, 'CALLEJON', 'C'),
(282, 'JAJALO', 'C'),
(283, 'STROOTMAN', 'C'),
(284, 'DUNCAN', 'C'),
(285, 'MAGNANELLI', 'C'),
(286, 'PELLEGRINI LO', 'C'),
(287, 'BASELLI', 'C'),
(288, 'BENASSI', 'C'),
(289, 'OBI', 'C'),
(290, 'VERRE', 'C'),
(291, 'ZACCAGNI', 'C'),
(292, 'PULGAR', 'C'),
(293, 'MILINKOVIC-SAVIC', 'C'),
(294, 'PERISIC', 'C'),
(295, 'CRISTANTE', 'C'),
(296, 'FREULER', 'C'),
(297, 'GAGLIARDINI', 'C'),
(298, 'LOCATELLI', 'C'),
(299, 'KESSIE', 'C'),
(300, 'BARELLA', 'C'),
(301, 'DEIOLA', 'C'),
(302, 'MANDRAGORA', 'C'),
(303, 'TORREIRA', 'C'),
(304, 'SENSI', 'C'),
(305, 'ARAMU', 'C'),
(306, 'DJURICIC', 'C'),
(307, 'CHIESA', 'C'),
(308, 'LINETTY', 'C'),
(309, 'LUKIC', 'C'),
(310, 'MIGUEL VELOSO', 'C'),
(311, 'PRAET', 'C'),
(312, 'ROG', 'C'),
(313, 'PASALIC', 'C'),
(314, 'LUIS ALBERTO', 'C'),
(315, 'KIYINE', 'C'),
(316, 'KASTANOS', 'C'),
(317, 'MELEGONI', 'C'),
(318, 'COULIBALY M', 'C'),
(319, 'VIGNATO', 'C'),
(320, 'HAAS', 'C'),
(321, 'BENTANCUR', 'C'),
(322, 'ORSOLINI', 'C'),
(323, 'BARAK', 'C'),
(324, 'CALHANOGLU', 'C'),
(325, 'LUCAS LEIVA', 'C'),
(326, 'CASSATA', 'C'),
(327, 'VERETOUT', 'C'),
(328, 'BANDINELLI', 'C'),
(329, 'BEHRAMI', 'C'),
(330, 'RABIOT', 'C'),
(331, 'EKDAL', 'C'),
(332, 'WALACE', 'C'),
(333, 'VIDAL', 'C'),
(334, 'RAMSEY', 'C'),
(335, 'MKHITARYAN', 'C'),
(336, 'SORIANO', 'C'),
(337, 'BAKAYOKO', 'C'),
(338, 'CASTILLEJO', 'C'),
(339, 'ADRIEN SILVA', 'C'),
(340, 'PESSINA', 'C'),
(341, 'SVANBERG', 'C'),
(342, 'ZANIOLO', 'C'),
(343, 'RUIZ', 'C'),
(344, 'STULAC', 'C'),
(345, 'BENNACER', 'C'),
(346, 'BOURABIA', 'C'),
(347, 'KULUSEVSKI', 'C'),
(348, 'KINGSLEY', 'C'),
(349, 'SOTTIL', 'C'),
(350, 'FRATTESI', 'C'),
(351, 'VIEIRA', 'C'),
(352, 'TRAORE HJ', 'C'),
(353, 'ZAMBO ANGUISSA', 'C'),
(354, 'ARTHUR', 'C'),
(355, 'LOBOTKA', 'C'),
(356, 'OLIVA', 'C'),
(357, 'PORTANOVA', 'C'),
(358, 'ZURKOWSKI', 'C'),
(359, 'CASTROVILLI', 'C'),
(360, 'ANDERSON A', 'C'),
(361, 'SCHOUTEN', 'C'),
(362, 'THORSBY', 'C'),
(363, 'SKOV OLSEN', 'C'),
(364, 'HERNANI', 'C'),
(365, 'MALINOVSKYI', 'C'),
(366, 'TONALI', 'C'),
(367, 'ROVELLA', 'C'),
(368, 'ELMAS', 'C'),
(369, 'HENDERSON L', 'C'),
(370, 'OBIANG', 'C'),
(371, 'NANDEZ', 'C'),
(372, 'AGUDELO', 'C'),
(373, 'AMRABAT', 'C'),
(374, 'LOPEZ M', 'C'),
(375, 'DEMME', 'C'),
(376, 'DIAZ B', 'C'),
(377, 'DOMINGUEZ', 'C'),
(378, 'VILLAR', 'C'),
(379, 'PEREIRO', 'C'),
(380, 'TAMEZE', 'C'),
(381, 'SAELEMAEKERS', 'C'),
(382, 'MALDINI', 'C'),
(383, 'ASKILDSEN', 'C'),
(384, 'LADINETTI', 'C'),
(385, 'PALUMBO', 'C'),
(386, 'MARIN', 'C'),
(387, 'MESSIAS', 'C'),
(388, 'MCKENNIE', 'C'),
(389, 'ESCALANTE', 'C'),
(390, 'DAMSGAARD', 'C'),
(391, 'MAGGIORE', 'C'),
(392, 'MIRANCHUK', 'C'),
(393, 'ILIC', 'C'),
(394, 'SAMARDZIC', 'C'),
(395, 'AKPA AKPRO', 'C'),
(396, 'ARSLAN', 'C'),
(397, 'POBEGA', 'C'),
(398, 'LEO SENA', 'C'),
(399, 'MAKENGO', 'C'),
(400, 'KOVALENKO', 'C'),
(401, 'DARBOE', 'C'),
(402, 'ZALEWSKI', 'C'),
(403, 'BOVE', 'C'),
(404, 'BAJRAMI', 'C'),
(405, 'DAMIANI', 'C'),
(406, 'RICCI S', 'C'),
(407, 'MALEH', 'C'),
(408, 'CIERVO', 'C'),
(409, 'DI TACCHIO', 'C'),
(410, 'SCHIAVONE', 'C'),
(411, 'BJARKASON', 'C'),
(412, 'CRNIGOJ', 'C'),
(413, 'HEYMANS', 'C'),
(414, 'FIORDILINO', 'C'),
(415, 'PECILE', 'C'),
(416, 'PERETZ', 'C'),
(417, 'TESSMANN', 'C'),
(418, 'HONGLA', 'C'),
(419, 'SIGURDSSON A', 'C'),
(420, 'COULIBALY L', 'C'),
(421, 'BUSIO', 'C'),
(422, 'VACCA', 'C'),
(423, 'ROMERO L', 'C'),
(424, 'MATHEUS HENRIQUE', 'C'),
(425, 'BIANCO', 'C'),
(426, 'YEPES', 'C'),
(427, 'SHER', 'C'),
(428, 'BASIC', 'C'),
(429, 'TOURE A', 'C'),
(430, 'KOOPMEINERS', 'C'),
(431, 'HARROUI', 'C'),
(432, 'IHATTAREN', 'C'),
(433, 'GALDAMES', 'C'),
(434, 'LASAGNA', 'A'),
(435, 'ILICIC', 'A'),
(436, 'REBIC', 'A'),
(437, 'VERDE', 'A'),
(438, 'PANDEV', 'A'),
(439, 'PAVOLETTI', 'A'),
(440, 'DYBALA', 'A'),
(441, 'MORATA', 'A'),
(442, 'ZAZA', 'A'),
(443, 'KEITA B', 'A'),
(444, 'PETAGNA', 'A'),
(445, 'GABBIADINI', 'A'),
(446, 'INSIGNE', 'A'),
(447, 'MERTENS', 'A'),
(448, 'BELOTTI', 'A'),
(449, 'DESTRO', 'A'),
(450, 'SANABRIA', 'A'),
(451, 'CORREA', 'A'),
(452, 'BONAZZOLI', 'A'),
(453, 'MURIEL', 'A'),
(454, 'BERARDI', 'A'),
(455, 'POLITANO', 'A'),
(456, 'SANSONE', 'A'),
(457, 'QUAGLIARELLA', 'A'),
(458, 'ZAPATA D', 'A'),
(459, 'DEFREL', 'A'),
(460, 'DZEKO', 'A'),
(461, 'MANAJ', 'A'),
(462, 'KALINIC', 'A'),
(463, 'IMMOBILE', 'A'),
(464, 'EL SHAARAWY', 'A'),
(465, 'EDERA', 'A'),
(466, 'DI FRANCESCO F', 'A'),
(467, 'JOAO PEDRO', 'A'),
(468, 'FARIAS', 'A'),
(469, 'NESTOROVSKI', 'A'),
(470, 'CAPRARI', 'A'),
(471, 'SIMY', 'A'),
(472, 'PJACA', 'A'),
(473, 'PINAMONTI', 'A'),
(474, 'SIMEONE', 'A'),
(475, 'RAGUSA', 'A'),
(476, 'KEAN', 'A'),
(477, 'PELLEGRI', 'A'),
(478, 'DEULOFEU', 'A'),
(479, 'SCAMACCA', 'A'),
(480, 'CUTRONE', 'A'),
(481, 'OUNAS', 'A'),
(482, 'CAICEDO', 'A'),
(483, 'SALCEDO E', 'A'),
(484, 'RIBERY', 'A'),
(485, 'SANCHEZ', 'A'),
(486, 'PEDRO', 'A'),
(487, 'IBRAHIMOVIC', 'A'),
(488, 'ABRAHAM', 'A'),
(489, 'CETER', 'A'),
(490, 'BARROW', 'A'),
(491, 'SANTANDER', 'A'),
(492, 'MARTINEZ L', 'A'),
(493, 'CAPUTO', 'A'),
(494, 'PUSSETTO', 'A'),
(495, 'BOGA', 'A'),
(496, 'VLAHOVIC', 'A'),
(497, 'GONZALEZ N', 'A'),
(498, 'BREKALO', 'A'),
(499, 'GIROUD', 'A'),
(500, 'ARNAUTOVIC', 'A'),
(501, 'PICCOLI', 'A'),
(502, 'RASPADORI', 'A'),
(503, 'COLLEY E', 'A'),
(504, 'TORREGROSSA', 'A'),
(505, 'LA MANTIA', 'A'),
(506, 'CANGIANO', 'A'),
(507, 'RAFAEL LEAO', 'A'),
(508, 'LOZANO', 'A'),
(509, 'OSIMHEN', 'A'),
(510, 'CARLES PEREZ', 'A'),
(511, 'MORO', 'A'),
(512, 'GYASI', 'A'),
(513, 'FORESTIERI', 'A'),
(514, 'MURIQI', 'A'),
(515, 'MAYORAL', 'A'),
(516, 'SHOMURODOV', 'A'),
(517, 'NZOLA', 'A'),
(518, 'VERGANI', 'A'),
(519, 'KOKORIN', 'A'),
(520, 'KALLON', 'A'),
(521, 'VAN HOOIJDONK', 'A'),
(522, 'MANCUSO', 'A'),
(523, 'MUNTEANU', 'A'),
(524, 'BUKSA', 'A'),
(525, 'SATRIANO', 'A'),
(526, 'DJURIC', 'A'),
(527, 'WARMING', 'A'),
(528, 'BOCALON', 'A'),
(529, 'FORTE', 'A'),
(530, 'JOHNSEN', 'A'),
(531, 'CANCELLIERI', 'A'),
(532, 'KAIO JORGE', 'A'),
(533, 'EKUBAN', 'A'),
(534, 'OKEREKE', 'A'),
(535, 'BIANCHI F', 'A'),
(536, 'HENRY', 'A'),
(537, 'ANTISTE', 'A'),
(538, 'SUCCESS', 'A'),
(539, 'STRELEC', 'A'),
(540, 'BETO', 'A'),
(541, 'MIRANTE', 'D');

-- --------------------------------------------------------

--
-- Struttura della tabella `risultatiOLD`
--

CREATE TABLE IF NOT EXISTS `risultatiOLD` (
  `id_risultato` int(11) NOT NULL,
  `calcolato` tinyint(1) NOT NULL DEFAULT '0',
  `gol_casa` int(11) DEFAULT NULL,
  `gol_trasferta` int(11) DEFAULT NULL,
  `pt_casa` int(11) DEFAULT NULL,
  `pt_trasferta` int(11) DEFAULT NULL,
  PRIMARY KEY (`id_risultato`)
) ENGINE=InnoDB DEFAULT CHARSET=latin1;

--
-- Dump dei dati per la tabella `risultatiOLD`
--

INSERT INTO `risultatiOLD` (`id_risultato`, `calcolato`, `gol_casa`, `gol_trasferta`, `pt_casa`, `pt_trasferta`) VALUES
(1, 1, 2, 4, 0, 3),
(2, 1, 1, 2, 0, 3),
(3, 1, 1, 3, 0, 3),
(4, 1, 2, 1, 3, 0),
(5, 1, 0, 1, 0, 3),
(6, 1, 0, 1, 0, 3),
(7, 1, 3, 3, 1, 1),
(8, 1, 2, 2, 1, 1),
(9, 1, 4, 1, 3, 0),
(10, 1, 3, 2, 3, 0),
(11, 1, 0, 7, 0, 3),
(12, 1, 0, 3, 0, 3),
(13, 1, 1, 0, 3, 0),
(14, 1, 0, 3, 0, 3),
(15, 1, 1, 0, 3, 0),
(16, 1, 3, 0, 3, 0),
(17, 1, 0, 0, 1, 1),
(18, 1, 0, 0, 1, 1),
(19, 1, 3, 1, 3, 0),
(20, 1, 1, 1, 1, 1),
(21, 1, 4, 2, 3, 0),
(22, 1, 2, 3, 0, 3),
(23, 1, 3, 3, 1, 1),
(24, 1, 1, 2, 0, 3),
(25, 1, 0, 2, 0, 3),
(26, 1, 0, 1, 0, 3),
(27, 1, 0, 3, 0, 3),
(28, 1, 1, 0, 3, 0),
(29, 1, 0, 2, 0, 3),
(30, 1, 0, 0, 1, 1),
(31, 1, 0, 5, 0, 3),
(32, 1, 2, 1, 3, 0),
(33, 1, 0, 0, 1, 1),
(34, 1, 0, 2, 0, 3),
(35, 1, 2, 6, 0, 3),
(36, 1, 1, 0, 3, 0),
(37, 1, 3, 4, 0, 3),
(38, 1, 1, 6, 0, 3),
(39, 1, 1, 4, 0, 3),
(40, 1, 2, 1, 3, 0),
(41, 1, 3, 7, 0, 3),
(42, 1, 0, 3, 0, 3),
(43, 1, 4, 1, 3, 0),
(44, 1, 2, 5, 0, 3),
(45, 1, 2, 1, 3, 0),
(46, 1, 1, 0, 3, 0),
(47, 1, 4, 1, 3, 0),
(48, 1, 4, 4, 1, 1),
(49, 1, 1, 0, 3, 0),
(50, 1, 2, 5, 0, 3),
(51, 0, NULL, NULL, NULL, NULL);

-- --------------------------------------------------------

--
-- Struttura della tabella `rosa_utente`
--

CREATE TABLE IF NOT EXISTS `rosa_utente` (
  `id_utente` int(11) NOT NULL,
  `id_calciatore` int(11) NOT NULL,
  PRIMARY KEY (`id_utente`,`id_calciatore`),
  KEY `id_calciatore` (`id_calciatore`)
) ENGINE=MyISAM DEFAULT CHARSET=latin1;

--
-- Dump dei dati per la tabella `rosa_utente`
--

INSERT INTO `rosa_utente` (`id_utente`, `id_calciatore`) VALUES
(1, 9),
(1, 21),
(1, 22),
(1, 68),
(1, 106),
(1, 112),
(1, 115),
(1, 134),
(1, 141),
(1, 156),
(1, 245),
(1, 258),
(1, 281),
(1, 291),
(1, 310),
(1, 335),
(1, 350),
(1, 359),
(1, 419),
(1, 434),
(1, 450),
(1, 471),
(1, 474),
(1, 492),
(1, 522),
(2, 7),
(2, 13),
(2, 18),
(2, 109),
(2, 140),
(2, 144),
(2, 157),
(2, 160),
(2, 170),
(2, 176),
(2, 192),
(2, 264),
(2, 278),
(2, 284),
(2, 295),
(2, 313),
(2, 322),
(2, 324),
(2, 343),
(2, 436),
(2, 441),
(2, 448),
(2, 454),
(2, 481),
(2, 516),
(3, 10),
(3, 31),
(3, 47),
(3, 68),
(3, 77),
(3, 79),
(3, 84),
(3, 89),
(3, 99),
(3, 110),
(3, 179),
(3, 268),
(3, 296),
(3, 313),
(3, 335),
(3, 340),
(3, 366),
(3, 390),
(3, 392),
(3, 439),
(3, 457),
(3, 458),
(3, 473),
(3, 480),
(3, 496),
(4, 3),
(4, 39),
(4, 48),
(4, 95),
(4, 137),
(4, 146),
(4, 159),
(4, 187),
(4, 194),
(4, 201),
(4, 205),
(4, 268),
(4, 286),
(4, 293),
(4, 294),
(4, 318),
(4, 328),
(4, 341),
(4, 366),
(4, 456),
(4, 485),
(4, 494),
(4, 496),
(4, 499),
(4, 500),
(5, 6),
(5, 44),
(5, 96),
(5, 99),
(5, 104),
(5, 114),
(5, 151),
(5, 156),
(5, 224),
(5, 251),
(5, 268),
(5, 275),
(5, 277),
(5, 278),
(5, 283),
(5, 310),
(5, 346),
(5, 363),
(5, 441),
(5, 467),
(5, 471),
(5, 474),
(5, 495),
(5, 496),
(5, 541),
(6, 4),
(6, 37),
(6, 43),
(6, 89),
(6, 97),
(6, 99),
(6, 107),
(6, 120),
(6, 149),
(6, 179),
(6, 189),
(6, 273),
(6, 314),
(6, 336),
(6, 340),
(6, 362),
(6, 381),
(6, 392),
(6, 432),
(6, 435),
(6, 453),
(6, 478),
(6, 480),
(6, 512),
(6, 536),
(7, 2),
(7, 32),
(7, 33),
(7, 76),
(7, 77),
(7, 84),
(7, 104),
(7, 190),
(7, 224),
(7, 226),
(7, 247),
(7, 292),
(7, 298),
(7, 299),
(7, 303),
(7, 305),
(7, 333),
(7, 352),
(7, 387),
(7, 443),
(7, 460),
(7, 467),
(7, 486),
(7, 490),
(7, 532),
(8, 19),
(8, 31),
(8, 33),
(8, 83),
(8, 89),
(8, 96),
(8, 106),
(8, 119),
(8, 124),
(8, 179),
(8, 194),
(8, 281),
(8, 283),
(8, 296),
(8, 333),
(8, 339),
(8, 340),
(8, 349),
(8, 376),
(8, 443),
(8, 447),
(8, 454),
(8, 457),
(8, 458),
(8, 480),
(9, 3),
(9, 39),
(9, 48),
(9, 82),
(9, 86),
(9, 89),
(9, 95),
(9, 124),
(9, 144),
(9, 148),
(9, 166),
(9, 299),
(9, 303),
(9, 325),
(9, 342),
(9, 343),
(9, 347),
(9, 374),
(9, 393),
(9, 436),
(9, 457),
(9, 471),
(9, 476),
(9, 488),
(9, 499),
(10, 3),
(10, 39),
(10, 48),
(10, 71),
(10, 77),
(10, 86),
(10, 89),
(10, 92),
(10, 151),
(10, 166),
(10, 172),
(10, 271),
(10, 277),
(10, 281),
(10, 294),
(10, 327),
(10, 349),
(10, 371),
(10, 381),
(10, 436),
(10, 437),
(10, 458),
(10, 460),
(10, 478),
(10, 485),
(11, 37),
(11, 43),
(11, 53),
(11, 68),
(11, 101),
(11, 149),
(11, 154),
(11, 157),
(11, 160),
(11, 169),
(11, 173),
(11, 268),
(11, 284),
(11, 327),
(11, 346),
(11, 361),
(11, 362),
(11, 374),
(11, 396),
(11, 437),
(11, 453),
(11, 467),
(11, 482),
(11, 507),
(11, 517),
(12, 12),
(12, 25),
(12, 33),
(12, 73),
(12, 84),
(12, 89),
(12, 101),
(12, 115),
(12, 170),
(12, 192),
(12, 251),
(12, 258),
(12, 291),
(12, 313),
(12, 325),
(12, 327),
(12, 345),
(12, 365),
(12, 367),
(12, 451),
(12, 473),
(12, 479),
(12, 488),
(12, 490),
(12, 502),
(13, 19),
(13, 30),
(13, 49),
(13, 101),
(13, 103),
(13, 119),
(13, 138),
(13, 152),
(13, 175),
(13, 217),
(13, 222),
(13, 306),
(13, 309),
(13, 327),
(13, 347),
(13, 363),
(13, 364),
(13, 368),
(13, 390),
(13, 437),
(13, 447),
(13, 452),
(13, 479),
(13, 493),
(13, 509),
(14, 12),
(14, 17),
(14, 25),
(14, 75),
(14, 86),
(14, 92),
(14, 111),
(14, 151),
(14, 168),
(14, 177),
(14, 206),
(14, 263),
(14, 277),
(14, 300),
(14, 319),
(14, 325),
(14, 371),
(14, 393),
(14, 430),
(14, 449),
(14, 455),
(14, 462),
(14, 463),
(14, 502),
(14, 508),
(15, 5),
(15, 14),
(15, 31),
(15, 71),
(15, 72),
(15, 82),
(15, 98),
(15, 124),
(15, 131),
(15, 154),
(15, 221),
(15, 275),
(15, 296),
(15, 323),
(15, 331),
(15, 342),
(15, 353),
(15, 376),
(15, 386),
(15, 439),
(15, 446),
(15, 457),
(15, 484),
(15, 487),
(15, 507),
(16, 6),
(16, 44),
(16, 79),
(16, 110),
(16, 158),
(16, 166),
(16, 169),
(16, 180),
(16, 193),
(16, 200),
(16, 279),
(16, 311),
(16, 349),
(16, 365),
(16, 374),
(16, 379),
(16, 404),
(16, 413),
(16, 451),
(16, 458),
(16, 470),
(16, 482),
(16, 488),
(16, 515),
(16, 541),
(17, 6),
(17, 32),
(17, 44),
(17, 72),
(17, 88),
(17, 92),
(17, 96),
(17, 112),
(17, 127),
(17, 133),
(17, 187),
(17, 299),
(17, 310),
(17, 327),
(17, 353),
(17, 354),
(17, 355),
(17, 365),
(17, 375),
(17, 441),
(17, 444),
(17, 446),
(17, 472),
(17, 481),
(17, 515),
(18, 4),
(18, 23),
(18, 41),
(18, 99),
(18, 103),
(18, 156),
(18, 168),
(18, 194),
(18, 201),
(18, 205),
(18, 245),
(18, 275),
(18, 291),
(18, 319),
(18, 335),
(18, 343),
(18, 352),
(18, 387),
(18, 419),
(18, 492),
(18, 497),
(18, 500),
(18, 508),
(18, 515),
(18, 516),
(19, 17),
(19, 36),
(19, 48),
(19, 86),
(19, 96),
(19, 104),
(19, 133),
(19, 159),
(19, 188),
(19, 189),
(19, 244),
(19, 305),
(19, 311),
(19, 345),
(19, 353),
(19, 368),
(19, 376),
(19, 377),
(19, 404),
(19, 495),
(19, 496),
(19, 500),
(19, 508),
(19, 512),
(19, 524),
(20, 3),
(20, 39),
(20, 48),
(20, 71),
(20, 92),
(20, 114),
(20, 151),
(20, 174),
(20, 188),
(20, 201),
(20, 226),
(20, 263),
(20, 268),
(20, 302),
(20, 304),
(20, 340),
(20, 342),
(20, 347),
(20, 355),
(20, 440),
(20, 447),
(20, 460),
(20, 472),
(20, 473),
(20, 481);

-- --------------------------------------------------------

--
-- Struttura della tabella `utente_com`
--

CREATE TABLE IF NOT EXISTS `utente_com` (
  `comunicazione_id` int(11) NOT NULL,
  `utente_id` int(11) NOT NULL,
  `visualizzata` tinyint(1) NOT NULL DEFAULT '0'
) ENGINE=MyISAM DEFAULT CHARSET=latin1;

--
-- Dump dei dati per la tabella `utente_com`
--

INSERT INTO `utente_com` (`comunicazione_id`, `utente_id`, `visualizzata`) VALUES
(1, 1, 1),
(1, 2, 1),
(1, 3, 1),
(1, 4, 0),
(1, 5, 1),
(1, 6, 0),
(1, 7, 0),
(1, 8, 0),
(1, 9, 0),
(1, 10, 0),
(1, 11, 0),
(1, 12, 0),
(1, 13, 1),
(1, 14, 1),
(1, 15, 1),
(1, 16, 0),
(1, 17, 0),
(1, 18, 0),
(1, 19, 0),
(1, 20, 0),
(2, 1, 1),
(2, 2, 1),
(2, 3, 1),
(2, 4, 0),
(2, 5, 1),
(2, 6, 0),
(2, 7, 0),
(2, 8, 0),
(2, 9, 0),
(2, 10, 0),
(2, 11, 0),
(2, 12, 0),
(2, 13, 1),
(2, 14, 1),
(2, 15, 1),
(2, 16, 0),
(2, 17, 0),
(2, 18, 0),
(2, 19, 0),
(2, 20, 0),
(3, 1, 1),
(3, 2, 1),
(3, 3, 1),
(3, 4, 0),
(3, 5, 1),
(3, 6, 0),
(3, 7, 0),
(3, 8, 0),
(3, 9, 0),
(3, 10, 0),
(3, 11, 0),
(3, 12, 0),
(3, 13, 1),
(3, 14, 1),
(3, 15, 1),
(3, 16, 0),
(3, 17, 0),
(3, 18, 0),
(3, 19, 0),
(3, 20, 0);

-- --------------------------------------------------------

--
-- Struttura della tabella `utenti`
--

CREATE TABLE IF NOT EXISTS `utenti` (
  `id_utente` int(11) NOT NULL AUTO_INCREMENT,
  `username` varchar(20) NOT NULL,
  `password` varchar(20) NOT NULL,
  `squadra` varchar(20) DEFAULT NULL,
  `ruolo` int(11) NOT NULL DEFAULT '3',
  `email` varchar(50) NOT NULL,
  `avatar_id` int(11) NOT NULL DEFAULT '1',
  `language` varchar(3) NOT NULL DEFAULT 'ita',
  `lega` varchar(40) NOT NULL DEFAULT 'nessuna',
  PRIMARY KEY (`id_utente`),
  UNIQUE KEY `username` (`username`),
  UNIQUE KEY `squadra` (`squadra`)
) ENGINE=InnoDB  DEFAULT CHARSET=latin1 AUTO_INCREMENT=104 ;

--
-- Dump dei dati per la tabella `utenti`
--

INSERT INTO `utenti` (`id_utente`, `username`, `password`, `squadra`, `ruolo`, `email`, `avatar_id`, `language`, `lega`) VALUES
(1, 'messomale', '1234muccus', 'MESSOMALE', 1, 'em.decarlo@gmail.com', 32, 'ita', 'fantachampionshit'),
(2, 'Carper286', '24068613', 'BATMANAPOLI', 2, 'antonioloffredo@live.it', 49, 'ita', 'fantachampionshit'),
(3, 'Ducamax', 'napoli', 'BRONZOTEAM', 2, 'massimoaccardo@hotmail.it', 5, 'ita', 'fanta-hri'),
(4, 'nikolasc', 'nikolasc', 'NIKOLASC', 2, 'nikolasc@gmail.com', 52, 'ita', 'fantachampionshit'),
(5, 'andreamaresc', 'Emirates28', 'BEBBEGUNNER', 2, 'andreamaresca1991@libero.it', 1, 'ita', 'ohana-fa'),
(6, 'torecaccia', 'topolino', 'ALCOOL', 2, 'tore.caccia@tuta.io', 11, 'ita', 'fantachampionshit'),
(7, 'Geruzzz97', 'Fratellanza1', 'VITIELLOCLUB', 2, 'ciruzzoshow@gmail.com', 13, 'ita', 'fantachampionshit'),
(8, 'Palpao', 'pwdacapocchia', 'AC PALPAO', 2, 'armandoascione@hotmail.it', 21, 'ita', 'fanta-don-orione'),
(9, 'caraccu', 'ungueungue', 'UNGUE', 2, 'carlo.accurso@gmail.com', 19, 'ita', 'poggioreale-league'),
(10, 'Giovanni', 'Napoli1926', 'CHIAVOVERONI', 2, 'giovifico@live.it', 6, 'ita', 'fanta-pollena-atto-II'),
(11, 'pauluccio81', 'Wilcalcio', 'FANTATEAM', 2, 'pauluccio81@hotmail.it', 2, 'ita', 'fantataf'),
(12, 'Oliver81', 'Vincenzo81!', 'FC ALCIDE DG', 2, 'enzoborriello100@yahoo.it', 8, 'ita', 'fantantonio'),
(13, 'Smithwiks', 'Australia1', 'SMITHWIKS', 2, 'vincenzoporzio21@gmail.com', 17, 'ita', 'fantachampionshit'),
(14, 'Alfonso79', 'meridionale', 'SIMPSON', 2, 'alfonsodecarlo.ma@gmail.com', 47, 'ita', 'fantachampionshit'),
(15, 'Cemagnamm', 'leonardo', 'CE MAGNAMM', 2, 'enzo_pa7@live.it', 44, 'ita', 'fantachampionshit'),
(16, 'vincent1990', 'Noodles_1990', 'ATLETICO', 2, 'vincenzofavicchio@gmail.com', 1, 'ita', 'fantachampionshit'),
(17, 'MMassaro', '1989MMassaro@', 'A.C. SOLOPAC', 2, 'm.mariano89@gmail.com', 1, 'ita', 'super-feague'),
(18, 'Stampantex', 'slayer84', 'SLAYER84', 2, 'stampantex@hotmail.com', 30, 'ita', 'valle-olona-cup'),
(19, 'Klaudio756', '756Banshee', 'PIZZAIOLI FC', 2, 'klaudio756@hotmail.it', 51, 'ita', 'fantaquartiere21'),
(20, 'Luca FNS', 'Pavezzi22', 'DUBLIN CRISP', 2, 'lucamigliardi@hotmail.com', 20, 'ita', '10-job-19-20'),
(102, 'fittizio', 'fittizio', '?????', 2, 'fittizio@gmail.com', 3, 'ita', 'fittizio'),
(103, 'LucPel', 'ostello6forte', 'OSTELLO', 3, 'lucio.pellecchia@gmail.com', 36, 'ita', 'xxxxxx');

/*!40101 SET CHARACTER_SET_CLIENT=@OLD_CHARACTER_SET_CLIENT */;
/*!40101 SET CHARACTER_SET_RESULTS=@OLD_CHARACTER_SET_RESULTS */;
/*!40101 SET COLLATION_CONNECTION=@OLD_COLLATION_CONNECTION */;
